timestamp,image,model,variant,prompt,response,garbage_detected,classes_detected,inference_s,vram_mb
2026-04-22T12:34:06,close_distance_trash11.jpg,clip,openai/clip-vit-large-patch14,"zero-shot classification, threshold=0.25","no garbage, clean environment: 0.698 | trash pile: 0.149 | plastic bag: 0.088 | trash: 0.040 | plastic bottle: 0.016 | plastic wrapper: 0.008 | can: 0.001 | glass: 0.000",False,,0.369,1659.9
2026-04-22T12:34:06,close_distance_trash12.jpg,clip,openai/clip-vit-large-patch14,"zero-shot classification, threshold=0.25","no garbage, clean environment: 0.920 | trash pile: 0.045 | trash: 0.027 | plastic bag: 0.005 | plastic bottle: 0.001 | can: 0.001 | plastic wrapper: 0.000 | glass: 0.000",False,,0.016,1659.9
2026-04-22T12:34:06,close_distance_trash1286.jpg,clip,openai/clip-vit-large-patch14,"zero-shot classification, threshold=0.25","plastic bottle: 0.842 | plastic bag: 0.079 | no garbage, clean environment: 0.063 | plastic wrapper: 0.011 | trash pile: 0.003 | trash: 0.002 | can: 0.000 | glass: 0.000",True,plastic bottle,0.015,1659.9
2026-04-22T12:34:06,close_distance_trash1287.jpg,clip,openai/clip-vit-large-patch14,"zero-shot classification, threshold=0.25","plastic bottle: 0.518 | no garbage, clean environment: 0.300 | plastic bag: 0.144 | plastic wrapper: 0.020 | trash pile: 0.014 | trash: 0.003 | can: 0.001 | glass: 0.000",True,plastic bottle,0.018,1659.9
2026-04-22T12:34:06,close_distance_trash1288.jpg,clip,openai/clip-vit-large-patch14,"zero-shot classification, threshold=0.25","no garbage, clean environment: 0.341 | plastic bottle: 0.303 | plastic bag: 0.222 | plastic wrapper: 0.067 | trash pile: 0.055 | trash: 0.012 | can: 0.001 | glass: 0.000",True,plastic bottle,0.018,1659.9
2026-04-22T12:34:06,close_distance_trash1289.jpg,clip,openai/clip-vit-large-patch14,"zero-shot classification, threshold=0.25","no garbage, clean environment: 0.562 | plastic bag: 0.240 | plastic bottle: 0.096 | plastic wrapper: 0.075 | trash pile: 0.023 | trash: 0.003 | can: 0.001 | glass: 0.000",False,,0.021,1659.9
2026-04-22T12:34:06,close_distance_trash1290.jpg,clip,openai/clip-vit-large-patch14,"zero-shot classification, threshold=0.25","no garbage, clean environment: 0.434 | trash pile: 0.173 | plastic wrapper: 0.149 | plastic bag: 0.115 | plastic bottle: 0.088 | trash: 0.033 | can: 0.007 | glass: 0.000",False,,0.015,1659.9
2026-04-22T12:34:06,close_distance_trash1291.jpg,clip,openai/clip-vit-large-patch14,"zero-shot classification, threshold=0.25","plastic bottle: 0.872 | no garbage, clean environment: 0.078 | can: 0.019 | glass: 0.009 | trash pile: 0.008 | trash: 0.006 | plastic bag: 0.005 | plastic wrapper: 0.004",True,plastic bottle,0.016,1659.9
2026-04-22T12:34:06,close_distance_trash1292.jpg,clip,openai/clip-vit-large-patch14,"zero-shot classification, threshold=0.25","plastic bottle: 0.955 | plastic wrapper: 0.033 | plastic bag: 0.008 | can: 0.001 | no garbage, clean environment: 0.001 | trash: 0.001 | glass: 0.000 | trash pile: 0.000",True,plastic bottle,0.016,1659.9
2026-04-22T12:34:07,close_distance_trash1293.jpg,clip,openai/clip-vit-large-patch14,"zero-shot classification, threshold=0.25","plastic bottle: 0.897 | no garbage, clean environment: 0.042 | plastic bag: 0.036 | trash pile: 0.010 | plastic wrapper: 0.010 | trash: 0.002 | can: 0.001 | glass: 0.001",True,plastic bottle,0.03,1659.9
2026-04-22T12:34:07,close_distance_trash1296.jpg,clip,openai/clip-vit-large-patch14,"zero-shot classification, threshold=0.25","plastic bottle: 0.979 | plastic bag: 0.010 | plastic wrapper: 0.008 | no garbage, clean environment: 0.001 | trash: 0.000 | trash pile: 0.000 | can: 0.000 | glass: 0.000",True,plastic bottle,0.019,1659.9
2026-04-22T12:34:07,close_distance_trash1297.jpg,clip,openai/clip-vit-large-patch14,"zero-shot classification, threshold=0.25","plastic bag: 0.346 | plastic wrapper: 0.304 | plastic bottle: 0.231 | can: 0.083 | no garbage, clean environment: 0.031 | trash: 0.003 | glass: 0.002 | trash pile: 0.001",True,"plastic bag, plastic wrapper",0.016,1659.9
2026-04-22T12:34:07,close_distance_trash1298.jpg,clip,openai/clip-vit-large-patch14,"zero-shot classification, threshold=0.25","can: 0.959 | trash: 0.019 | plastic wrapper: 0.010 | trash pile: 0.006 | glass: 0.002 | plastic bag: 0.002 | no garbage, clean environment: 0.002 | plastic bottle: 0.001",True,can,0.018,1659.9
2026-04-22T12:34:07,close_distance_trash1299.jpg,clip,openai/clip-vit-large-patch14,"zero-shot classification, threshold=0.25","plastic bag: 0.352 | plastic bottle: 0.280 | no garbage, clean environment: 0.184 | plastic wrapper: 0.130 | trash pile: 0.048 | can: 0.003 | trash: 0.002 | glass: 0.001",True,"plastic bottle, plastic bag",0.015,1659.9
2026-04-22T12:34:07,close_distance_trash13.jpg,clip,openai/clip-vit-large-patch14,"zero-shot classification, threshold=0.25","plastic wrapper: 0.800 | plastic bottle: 0.078 | trash: 0.040 | trash pile: 0.029 | can: 0.027 | plastic bag: 0.020 | no garbage, clean environment: 0.004 | glass: 0.002",True,plastic wrapper,0.024,1659.9
2026-04-22T12:34:07,close_distance_trash1300.jpg,clip,openai/clip-vit-large-patch14,"zero-shot classification, threshold=0.25","no garbage, clean environment: 0.493 | trash pile: 0.214 | plastic bottle: 0.143 | can: 0.097 | trash: 0.044 | plastic wrapper: 0.006 | plastic bag: 0.003 | glass: 0.001",False,,0.017,1659.9
2026-04-22T12:34:07,close_distance_trash1301.jpg,clip,openai/clip-vit-large-patch14,"zero-shot classification, threshold=0.25","plastic bottle: 0.806 | trash pile: 0.049 | glass: 0.037 | no garbage, clean environment: 0.035 | plastic wrapper: 0.027 | trash: 0.026 | plastic bag: 0.018 | can: 0.003",True,plastic bottle,0.016,1659.9
2026-04-22T12:34:07,close_distance_trash1302.jpg,clip,openai/clip-vit-large-patch14,"zero-shot classification, threshold=0.25","no garbage, clean environment: 0.437 | can: 0.199 | trash pile: 0.188 | plastic bag: 0.136 | trash: 0.029 | plastic wrapper: 0.005 | plastic bottle: 0.004 | glass: 0.000",False,,0.022,1659.9
2026-04-22T12:34:07,close_distance_trash1303.jpg,clip,openai/clip-vit-large-patch14,"zero-shot classification, threshold=0.25","plastic bottle: 0.841 | can: 0.072 | plastic bag: 0.034 | plastic wrapper: 0.027 | no garbage, clean environment: 0.020 | trash pile: 0.003 | glass: 0.003 | trash: 0.002",True,plastic bottle,0.015,1659.9
2026-04-22T12:34:07,close_distance_trash1304.jpg,clip,openai/clip-vit-large-patch14,"zero-shot classification, threshold=0.25","plastic bottle: 0.504 | plastic bag: 0.283 | no garbage, clean environment: 0.145 | trash pile: 0.023 | trash: 0.021 | plastic wrapper: 0.013 | glass: 0.010 | can: 0.001",True,"plastic bottle, plastic bag",0.021,1659.9
2026-04-22T12:34:07,close_distance_trash16.jpg,clip,openai/clip-vit-large-patch14,"zero-shot classification, threshold=0.25","plastic bag: 0.726 | plastic wrapper: 0.268 | plastic bottle: 0.004 | glass: 0.002 | no garbage, clean environment: 0.000 | trash: 0.000 | trash pile: 0.000 | can: 0.000",True,"plastic bag, plastic wrapper",0.019,1659.9
2026-04-22T12:34:07,close_distance_trash17.jpg,clip,openai/clip-vit-large-patch14,"zero-shot classification, threshold=0.25","plastic wrapper: 0.955 | plastic bag: 0.041 | trash pile: 0.001 | can: 0.001 | trash: 0.001 | plastic bottle: 0.000 | no garbage, clean environment: 0.000 | glass: 0.000",True,plastic wrapper,0.017,1659.9
2026-04-22T12:34:07,close_distance_trash18.jpg,clip,openai/clip-vit-large-patch14,"zero-shot classification, threshold=0.25","plastic wrapper: 0.964 | can: 0.017 | plastic bag: 0.009 | trash: 0.004 | no garbage, clean environment: 0.003 | plastic bottle: 0.002 | trash pile: 0.001 | glass: 0.000",True,plastic wrapper,0.018,1659.9
2026-04-22T12:34:07,close_distance_trash20.jpg,clip,openai/clip-vit-large-patch14,"zero-shot classification, threshold=0.25","plastic wrapper: 0.683 | plastic bag: 0.147 | glass: 0.048 | plastic bottle: 0.045 | trash: 0.024 | trash pile: 0.019 | no garbage, clean environment: 0.019 | can: 0.014",True,plastic wrapper,0.015,1659.9
2026-04-22T12:34:07,close_distance_trash21.jpg,clip,openai/clip-vit-large-patch14,"zero-shot classification, threshold=0.25","trash: 0.361 | plastic wrapper: 0.207 | no garbage, clean environment: 0.177 | trash pile: 0.147 | glass: 0.051 | can: 0.051 | plastic bag: 0.004 | plastic bottle: 0.003",True,trash,0.024,1659.9
2026-04-22T12:34:07,close_distance_trash22.jpg,clip,openai/clip-vit-large-patch14,"zero-shot classification, threshold=0.25","can: 0.877 | trash pile: 0.047 | trash: 0.039 | no garbage, clean environment: 0.020 | plastic wrapper: 0.006 | plastic bottle: 0.006 | plastic bag: 0.003 | glass: 0.003",True,can,0.021,1659.9
2026-04-22T12:34:07,close_distance_trash23.jpg,clip,openai/clip-vit-large-patch14,"zero-shot classification, threshold=0.25","no garbage, clean environment: 0.343 | trash pile: 0.287 | trash: 0.099 | plastic bottle: 0.098 | plastic bag: 0.090 | plastic wrapper: 0.061 | can: 0.021 | glass: 0.000",True,trash pile,0.017,1659.9
2026-04-22T12:34:07,close_distance_trash24.jpg,clip,openai/clip-vit-large-patch14,"zero-shot classification, threshold=0.25","can: 0.771 | plastic wrapper: 0.105 | no garbage, clean environment: 0.070 | trash: 0.020 | trash pile: 0.017 | plastic bag: 0.014 | plastic bottle: 0.001 | glass: 0.001",True,can,0.016,1659.9
2026-04-22T12:34:07,close_distance_trash25.jpg,clip,openai/clip-vit-large-patch14,"zero-shot classification, threshold=0.25","plastic wrapper: 0.606 | can: 0.283 | trash: 0.051 | trash pile: 0.024 | no garbage, clean environment: 0.023 | plastic bottle: 0.009 | plastic bag: 0.003 | glass: 0.000",True,"can, plastic wrapper",0.019,1659.9
2026-04-22T12:34:07,close_distance_trash26.jpg,clip,openai/clip-vit-large-patch14,"zero-shot classification, threshold=0.25","plastic wrapper: 0.683 | plastic bag: 0.088 | no garbage, clean environment: 0.075 | can: 0.052 | plastic bottle: 0.052 | glass: 0.025 | trash pile: 0.013 | trash: 0.012",True,plastic wrapper,0.027,1659.9
2026-04-22T12:34:07,close_distance_trash27.jpg,clip,openai/clip-vit-large-patch14,"zero-shot classification, threshold=0.25","plastic bottle: 0.952 | plastic wrapper: 0.038 | plastic bag: 0.007 | no garbage, clean environment: 0.001 | glass: 0.000 | trash: 0.000 | can: 0.000 | trash pile: 0.000",True,plastic bottle,0.018,1659.9
2026-04-22T12:34:07,close_distance_trash28.jpg,clip,openai/clip-vit-large-patch14,"zero-shot classification, threshold=0.25","plastic wrapper: 0.880 | plastic bag: 0.088 | trash pile: 0.012 | plastic bottle: 0.011 | trash: 0.005 | no garbage, clean environment: 0.002 | can: 0.001 | glass: 0.000",True,plastic wrapper,0.015,1659.9
2026-04-22T12:34:07,close_distance_trash29.jpg,clip,openai/clip-vit-large-patch14,"zero-shot classification, threshold=0.25","no garbage, clean environment: 0.596 | plastic bag: 0.264 | plastic bottle: 0.046 | trash pile: 0.043 | plastic wrapper: 0.029 | trash: 0.013 | can: 0.008 | glass: 0.000",True,plastic bag,0.02,1659.9
2026-04-22T12:34:08,close_distance_trash30.jpg,clip,openai/clip-vit-large-patch14,"zero-shot classification, threshold=0.25","plastic bottle: 0.668 | plastic wrapper: 0.182 | no garbage, clean environment: 0.064 | plastic bag: 0.052 | trash: 0.020 | trash pile: 0.012 | can: 0.001 | glass: 0.001",True,plastic bottle,0.016,1659.9
2026-04-22T12:34:08,close_distance_trash31.jpg,clip,openai/clip-vit-large-patch14,"zero-shot classification, threshold=0.25","plastic bottle: 0.572 | trash pile: 0.184 | trash: 0.092 | no garbage, clean environment: 0.068 | plastic bag: 0.050 | plastic wrapper: 0.029 | can: 0.003 | glass: 0.000",True,plastic bottle,0.02,1659.9
2026-04-22T12:34:08,close_distance_trash32.jpg,clip,openai/clip-vit-large-patch14,"zero-shot classification, threshold=0.25","plastic bottle: 0.341 | can: 0.320 | plastic bag: 0.217 | plastic wrapper: 0.046 | no garbage, clean environment: 0.035 | trash: 0.021 | glass: 0.012 | trash pile: 0.008",True,"plastic bottle, can",0.02,1659.9
2026-04-22T12:34:08,close_distance_trash33.jpg,clip,openai/clip-vit-large-patch14,"zero-shot classification, threshold=0.25","plastic wrapper: 0.384 | trash pile: 0.307 | trash: 0.139 | can: 0.085 | plastic bottle: 0.044 | plastic bag: 0.027 | no garbage, clean environment: 0.013 | glass: 0.001",True,"plastic wrapper, trash pile",0.019,1659.9
2026-04-22T12:34:08,close_distance_trash35.jpg,clip,openai/clip-vit-large-patch14,"zero-shot classification, threshold=0.25","can: 0.397 | plastic wrapper: 0.271 | trash: 0.126 | glass: 0.082 | no garbage, clean environment: 0.054 | plastic bottle: 0.046 | trash pile: 0.017 | plastic bag: 0.007",True,"can, plastic wrapper",0.022,1659.9
2026-04-22T12:34:08,close_distance_trash36.jpg,clip,openai/clip-vit-large-patch14,"zero-shot classification, threshold=0.25","plastic bag: 0.415 | no garbage, clean environment: 0.281 | plastic wrapper: 0.238 | trash pile: 0.033 | trash: 0.027 | plastic bottle: 0.004 | can: 0.002 | glass: 0.000",True,plastic bag,0.018,1659.9
2026-04-22T12:34:08,close_distance_trash37.jpg,clip,openai/clip-vit-large-patch14,"zero-shot classification, threshold=0.25","plastic wrapper: 0.349 | trash pile: 0.246 | no garbage, clean environment: 0.213 | plastic bag: 0.077 | trash: 0.057 | can: 0.054 | glass: 0.003 | plastic bottle: 0.001",True,plastic wrapper,0.018,1659.9
2026-04-22T12:34:08,close_distance_trash38.jpg,clip,openai/clip-vit-large-patch14,"zero-shot classification, threshold=0.25","plastic wrapper: 0.951 | trash: 0.021 | can: 0.011 | trash pile: 0.009 | no garbage, clean environment: 0.005 | plastic bag: 0.003 | plastic bottle: 0.000 | glass: 0.000",True,plastic wrapper,0.016,1659.9
2026-04-22T12:34:08,close_distance_trash4.jpg,clip,openai/clip-vit-large-patch14,"zero-shot classification, threshold=0.25","no garbage, clean environment: 0.415 | trash pile: 0.336 | trash: 0.161 | can: 0.046 | plastic bag: 0.029 | plastic wrapper: 0.008 | plastic bottle: 0.006 | glass: 0.000",True,trash pile,0.02,1659.9
2026-04-22T12:34:08,close_distance_trash5.jpg,clip,openai/clip-vit-large-patch14,"zero-shot classification, threshold=0.25","plastic bottle: 0.489 | no garbage, clean environment: 0.325 | plastic bag: 0.102 | trash pile: 0.039 | trash: 0.033 | plastic wrapper: 0.011 | can: 0.001 | glass: 0.000",True,plastic bottle,0.017,1659.9
2026-04-22T12:34:08,close_distance_trash6.jpg,clip,openai/clip-vit-large-patch14,"zero-shot classification, threshold=0.25","trash pile: 0.498 | trash: 0.312 | no garbage, clean environment: 0.145 | plastic bag: 0.030 | plastic bottle: 0.010 | plastic wrapper: 0.003 | can: 0.001 | glass: 0.000",True,"trash pile, trash",0.023,1659.9
2026-04-22T12:34:08,close_distance_trash9.jpg,clip,openai/clip-vit-large-patch14,"zero-shot classification, threshold=0.25","trash pile: 0.414 | no garbage, clean environment: 0.298 | trash: 0.106 | plastic bag: 0.075 | can: 0.071 | plastic bottle: 0.027 | plastic wrapper: 0.010 | glass: 0.000",True,trash pile,0.019,1659.9
2026-04-22T12:34:08,far_distance_trash272.jpg,clip,openai/clip-vit-large-patch14,"zero-shot classification, threshold=0.25","no garbage, clean environment: 0.691 | plastic bottle: 0.148 | trash: 0.064 | trash pile: 0.046 | can: 0.032 | plastic bag: 0.010 | glass: 0.006 | plastic wrapper: 0.004",False,,0.025,1659.9
2026-04-22T12:34:08,far_distance_trash273.jpg,clip,openai/clip-vit-large-patch14,"zero-shot classification, threshold=0.25","plastic bag: 0.310 | plastic bottle: 0.279 | plastic wrapper: 0.197 | no garbage, clean environment: 0.123 | trash pile: 0.079 | trash: 0.010 | can: 0.001 | glass: 0.001",True,"plastic bottle, plastic bag",0.019,1659.9
2026-04-22T12:34:08,far_distance_trash274.jpg,clip,openai/clip-vit-large-patch14,"zero-shot classification, threshold=0.25","no garbage, clean environment: 0.769 | trash pile: 0.094 | plastic bottle: 0.062 | plastic bag: 0.037 | trash: 0.022 | can: 0.012 | glass: 0.004 | plastic wrapper: 0.001",False,,0.016,1659.9
2026-04-22T12:34:08,far_distance_trash275.jpg,clip,openai/clip-vit-large-patch14,"zero-shot classification, threshold=0.25","no garbage, clean environment: 0.886 | plastic bottle: 0.048 | plastic bag: 0.043 | plastic wrapper: 0.009 | trash pile: 0.009 | trash: 0.002 | glass: 0.002 | can: 0.001",False,,0.015,1659.9
2026-04-22T12:34:08,far_distance_trash276.jpg,clip,openai/clip-vit-large-patch14,"zero-shot classification, threshold=0.25","plastic wrapper: 0.567 | plastic bottle: 0.277 | no garbage, clean environment: 0.085 | plastic bag: 0.054 | trash pile: 0.007 | can: 0.006 | trash: 0.002 | glass: 0.002",True,"plastic bottle, plastic wrapper",0.021,1659.9
2026-04-22T12:34:08,far_distance_trash277.jpg,clip,openai/clip-vit-large-patch14,"zero-shot classification, threshold=0.25","plastic bottle: 0.420 | no garbage, clean environment: 0.324 | plastic bag: 0.110 | trash pile: 0.087 | plastic wrapper: 0.042 | trash: 0.009 | can: 0.006 | glass: 0.003",True,plastic bottle,0.018,1659.9
2026-04-22T12:34:09,far_distance_trash278.jpg,clip,openai/clip-vit-large-patch14,"zero-shot classification, threshold=0.25","plastic bottle: 0.587 | no garbage, clean environment: 0.264 | plastic bag: 0.098 | trash pile: 0.023 | plastic wrapper: 0.015 | glass: 0.005 | trash: 0.005 | can: 0.002",True,plastic bottle,0.016,1659.9
2026-04-22T12:34:09,far_distance_trash279.jpg,clip,openai/clip-vit-large-patch14,"zero-shot classification, threshold=0.25","plastic bag: 0.384 | no garbage, clean environment: 0.358 | plastic bottle: 0.115 | plastic wrapper: 0.086 | trash pile: 0.024 | can: 0.023 | trash: 0.006 | glass: 0.003",True,plastic bag,0.025,1659.9
2026-04-22T12:34:09,far_distance_trash280.jpg,clip,openai/clip-vit-large-patch14,"zero-shot classification, threshold=0.25","plastic bottle: 0.489 | no garbage, clean environment: 0.356 | trash pile: 0.071 | plastic bag: 0.044 | trash: 0.016 | plastic wrapper: 0.015 | glass: 0.004 | can: 0.004",True,plastic bottle,0.018,1659.9
2026-04-22T12:34:09,far_distance_trash281.jpg,clip,openai/clip-vit-large-patch14,"zero-shot classification, threshold=0.25","no garbage, clean environment: 0.516 | trash pile: 0.178 | glass: 0.151 | trash: 0.051 | can: 0.047 | plastic bag: 0.027 | plastic wrapper: 0.017 | plastic bottle: 0.013",False,,0.018,1659.9
2026-04-22T12:34:09,far_distance_trash282.jpg,clip,openai/clip-vit-large-patch14,"zero-shot classification, threshold=0.25","no garbage, clean environment: 0.751 | plastic bottle: 0.076 | trash pile: 0.065 | plastic bag: 0.049 | plastic wrapper: 0.027 | glass: 0.016 | trash: 0.012 | can: 0.005",False,,0.014,1659.9
2026-04-22T12:34:09,far_distance_trash283.jpg,clip,openai/clip-vit-large-patch14,"zero-shot classification, threshold=0.25","plastic bottle: 0.599 | plastic bag: 0.268 | no garbage, clean environment: 0.106 | plastic wrapper: 0.020 | trash pile: 0.005 | trash: 0.002 | glass: 0.001 | can: 0.000",True,"plastic bottle, plastic bag",0.017,1659.9
2026-04-22T12:34:09,far_distance_trash284.jpg,clip,openai/clip-vit-large-patch14,"zero-shot classification, threshold=0.25","no garbage, clean environment: 0.633 | plastic bottle: 0.144 | plastic bag: 0.092 | trash pile: 0.077 | plastic wrapper: 0.028 | trash: 0.012 | can: 0.009 | glass: 0.005",False,,0.033,1659.9
2026-04-22T12:34:09,far_distance_trash285.jpg,clip,openai/clip-vit-large-patch14,"zero-shot classification, threshold=0.25","plastic bottle: 0.353 | no garbage, clean environment: 0.299 | plastic wrapper: 0.274 | plastic bag: 0.068 | trash pile: 0.002 | glass: 0.002 | trash: 0.001 | can: 0.000",True,"plastic bottle, plastic wrapper",0.016,1659.9
2026-04-22T12:34:09,far_distance_trash286.jpg,clip,openai/clip-vit-large-patch14,"zero-shot classification, threshold=0.25","plastic bottle: 0.308 | plastic bag: 0.295 | no garbage, clean environment: 0.219 | plastic wrapper: 0.095 | trash pile: 0.064 | trash: 0.009 | glass: 0.008 | can: 0.002",True,"plastic bottle, plastic bag",0.022,1659.9
2026-04-22T12:34:09,far_distance_trash287.jpg,clip,openai/clip-vit-large-patch14,"zero-shot classification, threshold=0.25","plastic bottle: 0.572 | no garbage, clean environment: 0.325 | trash pile: 0.069 | plastic bag: 0.014 | trash: 0.012 | glass: 0.004 | plastic wrapper: 0.003 | can: 0.000",True,plastic bottle,0.021,1659.9
2026-04-22T12:34:09,far_distance_trash288.jpg,clip,openai/clip-vit-large-patch14,"zero-shot classification, threshold=0.25","plastic bottle: 0.894 | plastic wrapper: 0.041 | no garbage, clean environment: 0.040 | plastic bag: 0.018 | trash pile: 0.004 | glass: 0.002 | can: 0.000 | trash: 0.000",True,plastic bottle,0.015,1659.9
2026-04-22T12:34:09,medium_distance_trash104.jpg,clip,openai/clip-vit-large-patch14,"zero-shot classification, threshold=0.25","plastic bottle: 0.446 | can: 0.178 | no garbage, clean environment: 0.154 | trash pile: 0.122 | plastic wrapper: 0.052 | plastic bag: 0.029 | trash: 0.012 | glass: 0.006",True,plastic bottle,0.016,1659.9
2026-04-22T12:34:09,medium_distance_trash105.jpg,clip,openai/clip-vit-large-patch14,"zero-shot classification, threshold=0.25","plastic bag: 0.621 | plastic bottle: 0.136 | plastic wrapper: 0.132 | no garbage, clean environment: 0.092 | trash pile: 0.013 | can: 0.002 | trash: 0.002 | glass: 0.001",True,plastic bag,0.017,1659.9
2026-04-22T12:34:09,medium_distance_trash106.jpg,clip,openai/clip-vit-large-patch14,"zero-shot classification, threshold=0.25","no garbage, clean environment: 0.870 | plastic bottle: 0.093 | trash pile: 0.017 | can: 0.008 | trash: 0.006 | glass: 0.004 | plastic bag: 0.002 | plastic wrapper: 0.001",False,,0.019,1659.9
2026-04-22T12:34:09,medium_distance_trash107.jpg,clip,openai/clip-vit-large-patch14,"zero-shot classification, threshold=0.25","can: 0.763 | glass: 0.071 | plastic wrapper: 0.050 | no garbage, clean environment: 0.046 | trash: 0.031 | trash pile: 0.031 | plastic bag: 0.005 | plastic bottle: 0.003",True,can,0.018,1659.9
2026-04-22T12:34:09,medium_distance_trash108.jpg,clip,openai/clip-vit-large-patch14,"zero-shot classification, threshold=0.25","plastic bag: 0.611 | no garbage, clean environment: 0.227 | plastic bottle: 0.078 | plastic wrapper: 0.034 | trash: 0.025 | trash pile: 0.020 | can: 0.004 | glass: 0.000",True,plastic bag,0.025,1659.9
2026-04-22T12:34:09,medium_distance_trash110.jpg,clip,openai/clip-vit-large-patch14,"zero-shot classification, threshold=0.25","plastic bottle: 0.340 | plastic wrapper: 0.210 | plastic bag: 0.209 | no garbage, clean environment: 0.146 | trash pile: 0.054 | glass: 0.027 | trash: 0.011 | can: 0.003",True,plastic bottle,0.021,1659.9
2026-04-22T12:34:09,medium_distance_trash111.jpg,clip,openai/clip-vit-large-patch14,"zero-shot classification, threshold=0.25","plastic bottle: 0.327 | plastic wrapper: 0.300 | no garbage, clean environment: 0.284 | trash pile: 0.047 | plastic bag: 0.017 | can: 0.013 | trash: 0.008 | glass: 0.003",True,"plastic bottle, plastic wrapper",0.051,1659.9
2026-04-22T12:34:09,medium_distance_trash112.jpg,clip,openai/clip-vit-large-patch14,"zero-shot classification, threshold=0.25","plastic bottle: 0.273 | trash pile: 0.225 | no garbage, clean environment: 0.184 | plastic bag: 0.132 | plastic wrapper: 0.084 | can: 0.057 | glass: 0.026 | trash: 0.019",True,plastic bottle,0.016,1659.9
2026-04-22T12:34:09,medium_distance_trash113.jpg,clip,openai/clip-vit-large-patch14,"zero-shot classification, threshold=0.25","plastic bottle: 0.860 | plastic wrapper: 0.080 | no garbage, clean environment: 0.048 | plastic bag: 0.006 | trash pile: 0.005 | trash: 0.001 | can: 0.001 | glass: 0.001",True,plastic bottle,0.015,1659.9
2026-04-22T12:34:09,medium_distance_trash114.jpg,clip,openai/clip-vit-large-patch14,"zero-shot classification, threshold=0.25","no garbage, clean environment: 0.498 | plastic bottle: 0.209 | plastic wrapper: 0.107 | trash pile: 0.084 | plastic bag: 0.070 | trash: 0.020 | can: 0.010 | glass: 0.000",False,,0.016,1659.9
2026-04-22T12:34:09,medium_distance_trash115.jpg,clip,openai/clip-vit-large-patch14,"zero-shot classification, threshold=0.25","can: 0.904 | no garbage, clean environment: 0.065 | trash pile: 0.018 | plastic wrapper: 0.006 | trash: 0.003 | plastic bottle: 0.003 | plastic bag: 0.002 | glass: 0.001",True,can,0.02,1659.9
2026-04-22T12:34:10,medium_distance_trash116.jpg,clip,openai/clip-vit-large-patch14,"zero-shot classification, threshold=0.25","plastic wrapper: 0.914 | plastic bag: 0.060 | no garbage, clean environment: 0.013 | plastic bottle: 0.010 | trash: 0.002 | trash pile: 0.002 | glass: 0.000 | can: 0.000",True,plastic wrapper,0.018,1659.9
2026-04-22T12:34:10,medium_distance_trash118.jpg,clip,openai/clip-vit-large-patch14,"zero-shot classification, threshold=0.25","plastic wrapper: 0.903 | plastic bottle: 0.057 | can: 0.021 | glass: 0.005 | plastic bag: 0.005 | trash pile: 0.003 | no garbage, clean environment: 0.003 | trash: 0.002",True,plastic wrapper,0.015,1659.9
2026-04-22T12:34:10,medium_distance_trash119.jpg,clip,openai/clip-vit-large-patch14,"zero-shot classification, threshold=0.25","no garbage, clean environment: 0.700 | plastic bag: 0.079 | trash pile: 0.067 | plastic bottle: 0.066 | glass: 0.043 | trash: 0.021 | can: 0.016 | plastic wrapper: 0.006",False,,0.014,1659.9
2026-04-22T12:34:10,medium_distance_trash120.jpg,clip,openai/clip-vit-large-patch14,"zero-shot classification, threshold=0.25","plastic bottle: 0.568 | plastic bag: 0.342 | plastic wrapper: 0.061 | no garbage, clean environment: 0.015 | glass: 0.008 | trash: 0.002 | trash pile: 0.002 | can: 0.001",True,"plastic bottle, plastic bag",0.015,1659.9
2026-04-22T12:34:10,medium_distance_trash121.jpg,clip,openai/clip-vit-large-patch14,"zero-shot classification, threshold=0.25","no garbage, clean environment: 0.434 | plastic bottle: 0.345 | can: 0.084 | plastic wrapper: 0.067 | trash pile: 0.036 | plastic bag: 0.019 | trash: 0.009 | glass: 0.005",True,plastic bottle,0.016,1659.9
2026-04-22T12:34:10,medium_distance_trash122.jpg,clip,openai/clip-vit-large-patch14,"zero-shot classification, threshold=0.25","no garbage, clean environment: 0.535 | trash pile: 0.302 | trash: 0.047 | plastic bag: 0.047 | plastic wrapper: 0.039 | plastic bottle: 0.013 | can: 0.011 | glass: 0.006",True,trash pile,0.018,1659.9
2026-04-22T12:34:10,medium_distance_trash124.jpg,clip,openai/clip-vit-large-patch14,"zero-shot classification, threshold=0.25","no garbage, clean environment: 0.717 | trash pile: 0.102 | plastic bag: 0.074 | plastic wrapper: 0.068 | trash: 0.020 | can: 0.013 | glass: 0.003 | plastic bottle: 0.002",False,,0.025,1659.9
2026-04-22T12:34:10,medium_distance_trash125.jpg,clip,openai/clip-vit-large-patch14,"zero-shot classification, threshold=0.25","plastic bottle: 0.325 | no garbage, clean environment: 0.229 | plastic wrapper: 0.131 | trash: 0.079 | can: 0.075 | plastic bag: 0.056 | trash pile: 0.056 | glass: 0.050",True,plastic bottle,0.024,1659.9
2026-04-22T12:34:10,medium_distance_trash127.jpg,clip,openai/clip-vit-large-patch14,"zero-shot classification, threshold=0.25","plastic bag: 0.569 | plastic wrapper: 0.226 | plastic bottle: 0.197 | no garbage, clean environment: 0.006 | can: 0.001 | trash: 0.000 | trash pile: 0.000 | glass: 0.000",True,plastic bag,0.024,1659.9
2026-04-22T12:34:10,medium_distance_trash128.jpg,clip,openai/clip-vit-large-patch14,"zero-shot classification, threshold=0.25","plastic wrapper: 0.720 | plastic bag: 0.236 | no garbage, clean environment: 0.017 | trash pile: 0.015 | trash: 0.007 | plastic bottle: 0.005 | can: 0.001 | glass: 0.000",True,plastic wrapper,0.015,1659.9
2026-04-22T12:34:10,medium_distance_trash130.jpg,clip,openai/clip-vit-large-patch14,"zero-shot classification, threshold=0.25","plastic bottle: 0.827 | plastic bag: 0.069 | no garbage, clean environment: 0.066 | plastic wrapper: 0.028 | trash pile: 0.005 | can: 0.002 | trash: 0.002 | glass: 0.001",True,plastic bottle,0.015,1659.9
2026-04-22T12:34:10,medium_distance_trash131.jpg,clip,openai/clip-vit-large-patch14,"zero-shot classification, threshold=0.25","plastic bottle: 0.901 | plastic bag: 0.040 | no garbage, clean environment: 0.038 | plastic wrapper: 0.014 | glass: 0.003 | trash pile: 0.002 | trash: 0.001 | can: 0.000",True,plastic bottle,0.016,1659.9
2026-04-22T12:34:10,medium_distance_trash132.jpg,clip,openai/clip-vit-large-patch14,"zero-shot classification, threshold=0.25","no garbage, clean environment: 0.533 | plastic bag: 0.170 | plastic wrapper: 0.117 | trash pile: 0.078 | plastic bottle: 0.056 | trash: 0.045 | can: 0.001 | glass: 0.000",False,,0.017,1659.9
2026-04-22T12:34:10,medium_distance_trash133.jpg,clip,openai/clip-vit-large-patch14,"zero-shot classification, threshold=0.25","no garbage, clean environment: 0.413 | plastic bottle: 0.401 | trash pile: 0.118 | trash: 0.032 | plastic wrapper: 0.014 | plastic bag: 0.009 | glass: 0.007 | can: 0.006",True,plastic bottle,0.021,1659.9
2026-04-22T12:34:10,medium_distance_trash134.jpg,clip,openai/clip-vit-large-patch14,"zero-shot classification, threshold=0.25","no garbage, clean environment: 0.419 | plastic bottle: 0.368 | trash pile: 0.076 | can: 0.063 | plastic wrapper: 0.036 | trash: 0.027 | glass: 0.007 | plastic bag: 0.005",True,plastic bottle,0.026,1659.9
2026-04-22T12:34:10,medium_distance_trash199.jpg,clip,openai/clip-vit-large-patch14,"zero-shot classification, threshold=0.25","plastic bag: 0.703 | no garbage, clean environment: 0.144 | trash pile: 0.077 | plastic bottle: 0.032 | plastic wrapper: 0.023 | can: 0.012 | trash: 0.009 | glass: 0.000",True,plastic bag,0.019,1659.9
2026-04-22T12:34:10,medium_distance_trash200.jpg,clip,openai/clip-vit-large-patch14,"zero-shot classification, threshold=0.25","plastic wrapper: 0.828 | plastic bottle: 0.076 | plastic bag: 0.030 | glass: 0.019 | can: 0.018 | trash pile: 0.012 | no garbage, clean environment: 0.010 | trash: 0.008",True,plastic wrapper,0.017,1659.9
2026-04-22T12:34:10,medium_distance_trash202.jpg,clip,openai/clip-vit-large-patch14,"zero-shot classification, threshold=0.25","plastic wrapper: 0.527 | plastic bottle: 0.342 | plastic bag: 0.104 | no garbage, clean environment: 0.017 | trash pile: 0.004 | can: 0.002 | trash: 0.002 | glass: 0.001",True,"plastic bottle, plastic wrapper",0.017,1659.9
2026-04-22T12:34:10,medium_distance_trash203.jpg,clip,openai/clip-vit-large-patch14,"zero-shot classification, threshold=0.25","plastic bottle: 0.475 | plastic bag: 0.468 | no garbage, clean environment: 0.021 | plastic wrapper: 0.019 | trash pile: 0.013 | trash: 0.002 | glass: 0.001 | can: 0.000",True,"plastic bottle, plastic bag",0.021,1659.9
2026-04-22T12:34:10,medium_distance_trash204.jpg,clip,openai/clip-vit-large-patch14,"zero-shot classification, threshold=0.25","plastic wrapper: 0.403 | trash pile: 0.292 | no garbage, clean environment: 0.117 | trash: 0.056 | can: 0.050 | plastic bottle: 0.031 | glass: 0.026 | plastic bag: 0.025",True,"plastic wrapper, trash pile",0.023,1659.9
2026-04-22T12:34:10,medium_distance_trash206.jpg,clip,openai/clip-vit-large-patch14,"zero-shot classification, threshold=0.25","no garbage, clean environment: 0.485 | plastic bag: 0.151 | plastic bottle: 0.086 | trash pile: 0.082 | plastic wrapper: 0.075 | can: 0.059 | glass: 0.045 | trash: 0.016",False,,0.017,1659.9
2026-04-22T12:34:10,medium_distance_trash207.jpg,clip,openai/clip-vit-large-patch14,"zero-shot classification, threshold=0.25","plastic bottle: 0.755 | no garbage, clean environment: 0.120 | plastic bag: 0.060 | trash pile: 0.029 | plastic wrapper: 0.020 | trash: 0.014 | glass: 0.001 | can: 0.000",True,plastic bottle,0.015,1659.9
2026-04-22T12:34:11,medium_distance_trash208.jpg,clip,openai/clip-vit-large-patch14,"zero-shot classification, threshold=0.25","no garbage, clean environment: 0.358 | trash pile: 0.244 | plastic bottle: 0.141 | trash: 0.132 | plastic bag: 0.049 | can: 0.040 | plastic wrapper: 0.028 | glass: 0.007",False,,0.019,1659.9
2026-04-22T12:34:11,medium_distance_trash209.jpg,clip,openai/clip-vit-large-patch14,"zero-shot classification, threshold=0.25","plastic bag: 0.564 | plastic bottle: 0.367 | no garbage, clean environment: 0.047 | plastic wrapper: 0.016 | trash pile: 0.003 | trash: 0.002 | glass: 0.000 | can: 0.000",True,"plastic bottle, plastic bag",0.015,1659.9
2026-04-22T12:34:11,medium_distance_trash210.jpg,clip,openai/clip-vit-large-patch14,"zero-shot classification, threshold=0.25","plastic bottle: 0.336 | no garbage, clean environment: 0.227 | plastic wrapper: 0.203 | plastic bag: 0.195 | trash pile: 0.020 | trash: 0.016 | glass: 0.002 | can: 0.001",True,plastic bottle,0.016,1659.9
2026-04-22T12:34:11,medium_distance_trash211.jpg,clip,openai/clip-vit-large-patch14,"zero-shot classification, threshold=0.25","plastic bottle: 0.710 | no garbage, clean environment: 0.208 | trash pile: 0.047 | plastic wrapper: 0.014 | trash: 0.009 | glass: 0.005 | plastic bag: 0.004 | can: 0.003",True,plastic bottle,0.014,1659.9
2026-04-22T12:34:11,medium_distance_trash212.jpg,clip,openai/clip-vit-large-patch14,"zero-shot classification, threshold=0.25","trash pile: 0.309 | no garbage, clean environment: 0.287 | can: 0.189 | plastic bottle: 0.079 | trash: 0.047 | plastic bag: 0.046 | plastic wrapper: 0.022 | glass: 0.020",True,trash pile,0.021,1659.9